Make,Manufacturer Name,Model,Model Year,Plant City,Vehicle Type,Plant Country,Plant State,Body Class,Gross Vehicle Weight Rating From,Cab Type,Trailer Type Connection,Trailer Body Type,Drive Type,Brake System Type,Engine Number of Cylinders,Displacement (CC),Displacement (CI),Displacement (L),Engine Power (kW),Fuel Type - Primary,Valve Train Design,Engine Configuration,Engine Brake (hp) From,Engine Brake (hp) To,Other Engine Info,Engine Manufacturer,Seat Belt Type,Front Air Bag Locations,NCSA Body Type,NCSA Make,NCSA Model,Bus Floor Configuration Type,Bus Type,Custom Motorcycle Type,Motorcycle Suspension Type,Motorcycle Chassis Type,
FORD,"FORD MOTOR COMPANY, USA",F-150,2001,NORFOLK,TRUCK ,UNITED STATES (USA),VIRGINIA,Pickup,"Class 2E: 6,001 - 7,000 lb (2,722 - 3,175 kg)",Regular,Not Applicable,Not Applicable,4x2,Hydraulic,8,4600,280.7092228,4.6,141.683,Gasoline,Single Overhead Cam (SOHC),V-Shaped,190,210,EFI  Romeo Engine Plant,Ford,Manual,1st Row (Driver and Passenger),Light Pickup,Ford,F-Series pickup,Not Applicable,Not Applicable,Not Applicable,Not Applicable,Not Applicable,
SUBARU,"FUJI HEAVY INDUSTRIES U.S.A., INC. (C/O SUBARU OF AMERICA)",B9 Tribeca,2006,LAFAYETTE,MULTIPURPOSE PASSENGER VEHICLE (MPV),UNITED STATES (USA),INDIANA,Sport Utility Vehicle (SUV)/Multi-Purpose Vehicle (MPV),"Class 1C: 4,001 - 5,000 lb (1,814 - 2,268 kg)",,Not Applicable,Not Applicable,AWD/All-Wheel Drive,,,3000,183.0712323,3,,,,,,,,,Manual,1st Row (Driver and Passenger),Compact Utility (Utility Vehicle Categories "Small" and "Midsize"),Subaru,B9 Tribeca,Not Applicable,Not Applicable,Not Applicable,Not Applicable,Not Applicable,
JAGUAR,JAGUAR LAND ROVER LIMITED,XJ,2015,CASTLE BROMWICH,PASSENGER CAR,UNITED KINGDOM (UK),,Sedan/Saloon,,Not Applicable,Not Applicable,Not Applicable,RWD/Rear-Wheel Drive,,6,3000,183.0712323,3,,Flexible Fuel Vehicle (FFV),,V-Shaped,,,,,Manual,1st Row (Driver and Passenger),"4-door sedan, hardtop",Jaguar,XJ/XJL/XJ6/12/XJR/XJ8/  XJ8L Sedan/Coupe,Not Applicable,Not Applicable,Not Applicable,Not Applicable,Not Applicable,
TOYOTA,"TOYOTA MOTOR MANUFACTURING, KENTUCKY, INC.",Camry,2020,,PASSENGER CAR,UNITED STATES (USA),KENTUCKY,Sedan/Saloon,,Not Applicable,Not Applicable,Not Applicable,4x2,,4,2487,152,2.5,151.3771,Gasoline,Dual Overhead Cam (DOHC),In-Line,203,,PORT+DIRECT,Toyota,Manual,1st Row (Driver and Passenger),"4-door sedan, hardtop",Toyota,Camry,Not Applicable,Not Applicable,Not Applicable,Not Applicable,Not Applicable,
GMC,GENERAL MOTORS LLC,Acadia,2014,LANSING - DELTA TOWNSHIP,MULTIPURPOSE PASSENGER VEHICLE (MPV),UNITED STATES (USA),MICHIGAN,Sport Utility Vehicle (SUV)/Multi-Purpose Vehicle (MPV),"Class 2E: 6,001 - 7,000 lb (2,722 - 3,175 kg)",,Not Applicable,Not Applicable,AWD/All-Wheel Drive,Hydraulic,6,3600,219.6854787,3.6,,Gasoline,Dual Overhead Cam (DOHC),V-Shaped,,,,GM,Manual,1st Row (Driver and Passenger),Large utility (ANSI D16.1 Utility Vehicle Categories and "Full Size" and "Large"),GMC,Acadia (2013 on. For 2007-2012 see model 008.),Not Applicable,Not Applicable,Not Applicable,Not Applicable,Not Applicable,
FORD,"FORD MOTOR COMPANY, MEXICO",Fiesta,2016,CUAUTITLAN,PASSENGER CAR,MEXICO,,Sedan/Saloon,,Not Applicable,Not Applicable,Not Applicable,,,4,1600,97.63799055,1.6,146.9029,Flexible Fuel Vehicle (FFV),,In-Line,197,,,Ford,Manual,1st Row (Driver and Passenger),"4-door sedan, hardtop",Ford,Fiesta,Not Applicable,Not Applicable,Not Applicable,Not Applicable,Not Applicable,
HONDA,"HONDA MOTOR CO., LTD",CR-V,2004,SAYAMA,MULTIPURPOSE PASSENGER VEHICLE (MPV),JAPAN,SAITAMA,Sport Utility Vehicle (SUV)/Multi-Purpose Vehicle (MPV),"Class 1C: 4,001 - 5,000 lb (1,814 - 2,268 kg)",,Not Applicable,Not Applicable,4WD/4-Wheel Drive/4x4,Hydraulic,4,2359.737216,144,2.359737216,119.312,Gasoline,Dual Overhead Cam (DOHC),In-Line,160,,,,Manual,1st Row (Driver and Passenger),Compact Utility (Utility Vehicle Categories "Small" and "Midsize"),Honda,CR-V,Not Applicable,Not Applicable,Not Applicable,Not Applicable,Not Applicable,
FORD,"FORD MOTOR COMPANY, USA",F-150,2018,KANSAS CITY,TRUCK ,UNITED STATES (USA),MISSOURI,Pickup,"Class 2E: 6,001 - 7,000 lb (2,722 - 3,175 kg)",Crew/ Super Crew/ Crew Max,Not Applicable,Not Applicable,4x2,Hydraulic,6,3300,201.3783555,3.3,216.253,Gasoline,,V-Shaped,290,,,Ford,Manual,1st Row (Driver and Passenger),Light Pickup,Ford,F-Series pickup,Not Applicable,Not Applicable,Not Applicable,Not Applicable,Not Applicable,
CHEVROLET,GENERAL MOTORS LLC,Cavalier,1996,LORDSTOWN,PASSENGER CAR,UNITED STATES (USA),OHIO,Sedan/Saloon,,Not Applicable,Not Applicable,Not Applicable,,,4,2200,133.6,2.2,,Gasoline,,In-Line,,,"Name Plate: Chev, Pont",LAN,Manual,1st Row (Driver and Passenger),"4-door sedan, hardtop",Chevrolet,Cavalier,Not Applicable,Not Applicable,Not Applicable,Not Applicable,Not Applicable,
FORD,"FORD MOTOR COMPANY, USA",F-150,2018,KANSAS CITY,TRUCK ,UNITED STATES (USA),MISSOURI,Pickup,"Class 2E: 6,001 - 7,000 lb (2,722 - 3,175 kg)",Crew/ Super Crew/ Crew Max,Not Applicable,Not Applicable,4WD/4-Wheel Drive/4x4,Hydraulic,6,2700,164.7641091,2.7,242.3525,Gasoline,,V-Shaped,325,,,Ford,Manual,1st Row (Driver and Passenger),Light Pickup,Ford,F-Series pickup,Not Applicable,Not Applicable,Not Applicable,Not Applicable,Not Applicable,
TOYOTA,"TOYOTA MOTOR MANUFACTURING, INDIANA, INC.",Sienna,2004,,MULTIPURPOSE PASSENGER VEHICLE (MPV),UNITED STATES (USA),INDIANA,Minivan,"Class 1D: 5,001 - 6,000 lb (2,268 - 2,722 kg)",,Not Applicable,Not Applicable,4x2,,6,3300,201.3783555,3.3,198.3562,Gasoline,,V-Shaped,266,,,,,,"Minivan (Chrysler Town and Country, Caravan, Grand Caravan, Voyager, Voyager, Honda-Odyssey, ...)",Toyota,Sienna,Not Applicable,Not Applicable,Not Applicable,Not Applicable,Not Applicable,
GMC,GENERAL MOTORS LLC,Sierra,2002,OSHAWA TRUCK,TRUCK ,CANADA,ONTARIO,Pickup,"Class 2E: 6,001 - 7,000 lb (2,722 - 3,175 kg)",Extra/Super/ Quad/Double/King/Extended,Not Applicable,Not Applicable,4x2,Hydraulic,8,4800,292.9139717,4.8,,Gasoline,,V-Shaped,,,Iron,,,,Light Pickup,GMC,"C, K, R, V-series pickup/     Sierra",Not Applicable,Not Applicable,Not Applicable,Not Applicable,Not Applicable,
NISSAN,"NISSAN NORTH AMERICA, INC.",Altima,2003,SMYRNA,PASSENGER CAR,UNITED STATES (USA),TENNESSEE,Sedan/Saloon,,Not Applicable,Not Applicable,Not Applicable,4x2,,4,2500,152.5593602,2.5,,Gasoline,Dual Overhead Cam (DOHC),In-Line,,,,Nissan,Manual,,"4-door sedan, hardtop",Nissan/Datsun,Altima,Not Applicable,Not Applicable,Not Applicable,Not Applicable,Not Applicable,
FORD,"FORD MOTOR COMPANY, USA",E-250,2005,LORAIN,TRUCK ,UNITED STATES (USA),OHIO,Cargo Van,"Class 2G: 8,001 - 9,000 lb (3,629 - 4,082 kg)",,Not Applicable,Not Applicable,4x2,Hydraulic,8,4600,280.7092228,4.6,167.7825,Gasoline,,V-Shaped,225,,EFI,,Manual,1st Row (Driver and Passenger),"Large Van-Includes van-based buses (B150-B350, Sportsman, Royal Maxiwagon, Ram, Tradesman,...)",Ford,E-Series Van/Econoline,Not Applicable,Not Applicable,Not Applicable,Not Applicable,Not Applicable,
INTERNATIONAL,"NAVISTAR, INC.",LT625,2019,,TRUCK ,MEXICO,ESCOBEDO,Truck-Tractor,"Class 8: 33,001 lb and above (14,969 kg and above)",MDHD: Conventional,Not Applicable,Not Applicable,6x4,Air,,14994.16356,915,14.99416356,,Diesel,,,,,,Cummins,,,"Truck-tractor (Cab only, or with any number of trailing unit; any weight)",International Harvester/Navistar,Medium/Heavy - CBE,Not Applicable,Not Applicable,Not Applicable,Not Applicable,Not Applicable,
CHEVROLET,GENERAL MOTORS LLC,Silverado,2008,OSHAWA TRUCK,TRUCK ,CANADA,ONTARIO,Pickup,"Class 2E: 6,001 - 7,000 lb (2,722 - 3,175 kg)",,Not Applicable,Not Applicable,4WD/4-Wheel Drive/4x4,Hydraulic,8,4800,292.9139717,4.8,,,,V-Shaped,,,,GM,,,Light Pickup,Chevrolet,"C, K, R, V-series pickup/Silverado",Not Applicable,Not Applicable,Not Applicable,Not Applicable,Not Applicable,
CHRYSLER,FCA CANADA INC.,Pacifica,2020,WINDSOR,MULTIPURPOSE PASSENGER VEHICLE (MPV),CANADA,ONTARIO,Minivan,"Class 2E: 6,001 - 7,000 lb (2,722 - 3,175 kg)",,Not Applicable,Not Applicable,FWD/Front-Wheel Drive,Hydraulic,6,3600,219.6854787,3.6,214.0159,Gasoline,,V-Shaped,287,,,FCA,Manual,1st Row (Driver and Passenger),"Minivan (Chrysler Town and Country, Caravan, Grand Caravan, Voyager, Voyager, Honda-Odyssey, ...)",Chrysler,Pacifica,Not Applicable,Not Applicable,Not Applicable,Not Applicable,Not Applicable,
FORD,"FORD MOTOR COMPANY, USA",F-250,2015,JEFFERSON COUNTY,INCOMPLETE VEHICLE,UNITED STATES (USA),KENTUCKY,Pickup,"Class 2H: 9,001 - 10,000 lb (4,082 - 4,536 kg)",Extra/Super/ Quad/Double/King/Extended,Not Applicable,Not Applicable,4WD/4-Wheel Drive/4x4,Hydraulic,8,6200,378.3472134,6.2,285.6031,Gasoline,,V-Shaped,383,,,Ford,Manual,1st Row (Driver and Passenger),Light Pickup,Ford,F-Series pickup,,,Not Applicable,Not Applicable,Not Applicable,
NISSAN,"NISSAN NORTH AMERICA, INC.",Altima,2010,,PASSENGER CAR,UNITED STATES (USA),,Sedan/Saloon,,Not Applicable,Not Applicable,Not Applicable,4x2,,4,2500,152.5593602,2.5,126.769,Gasoline,,,170,175,,,Manual,1st Row (Driver and Passenger),"4-door sedan, hardtop",Nissan/Datsun,Altima,Not Applicable,Not Applicable,Not Applicable,Not Applicable,Not Applicable,
TOYOTA,TOYOTA MOTOR CORPORATION,4-Runner,1998,TAHARA,MULTIPURPOSE PASSENGER VEHICLE (MPV),JAPAN,,Sport Utility Vehicle (SUV)/Multi-Purpose Vehicle (MPV),"Class 1D: 5,001 - 6,000 lb (2,268 - 2,722 kg)",,Not Applicable,Not Applicable,4x2,,6,3378,207.4807299,3.4,136.4631,Gasoline,,V-Shaped,183,190,,Toyota,,,Compact Utility (Utility Vehicle Categories "Small" and "Midsize"),Toyota,4-Runner,Not Applicable,Not Applicable,Not Applicable,Not Applicable,Not Applicable,
FORD,"FORD MOTOR COMPANY, USA",Escape,2018,LOUISVILLE,MULTIPURPOSE PASSENGER VEHICLE (MPV),UNITED STATES (USA),KENTUCKY,Sport Utility Vehicle (SUV)/Multi-Purpose Vehicle (MPV),"Class 1C: 4,001 - 5,000 lb (1,814 - 2,268 kg)",,Not Applicable,Not Applicable,4x2,Hydraulic,4,2500,152.5593602,2.5,127.5147,Gasoline,,In-Line,171,,,Ford,Manual,1st Row (Driver and Passenger),Compact Utility (Utility Vehicle Categories "Small" and "Midsize"),Ford,Escape,Not Applicable,Not Applicable,Not Applicable,Not Applicable,Not Applicable,
JAGUAR,JAGUAR LAND ROVER LIMITED,F-Pace,2017,SOLIHULL,MULTIPURPOSE PASSENGER VEHICLE (MPV),ENGLAND,UNITED KINGDOM,Sport Utility Vehicle (SUV)/Multi-Purpose Vehicle (MPV),"Class 1D: 5,001 - 6,000 lb (2,268 - 2,722 kg)",,Not Applicable,Not Applicable,AWD/All-Wheel Drive,,6,3000,183.0712323,3,283.366,Gasoline,,V-Shaped,380,,,,Manual,1st Row (Driver and Passenger),Compact Utility (Utility Vehicle Categories "Small" and "Midsize"),Jaguar,F-Pace,Not Applicable,Not Applicable,Not Applicable,Not Applicable,Not Applicable,
VOLKSWAGEN,"VOLKSWAGEN GROUP OF AMERICA, INC.",Tiguan,2017,OSNABRUCK,MULTIPURPOSE PASSENGER VEHICLE (MPV),GERMANY,,Sport Utility Vehicle (SUV)/Multi-Purpose Vehicle (MPV),"Class 1C: 4,001 - 5,000 lb (1,814 - 2,268 kg)",,Not Applicable,Not Applicable,FWD/Front-Wheel Drive,,4,2000,122.0474882,2,149.14,Gasoline,,,200,,Fuel: Gas (50-St); Emissions Certification Test Group:HVGAJ02.0VUE/                                                                                     HVGAT02.0VUD(Tiguan SEL 4Motion only)  ; Federal / California Emission Standard: IntT3 Bin 125/ULEV II  ,VW,,1st Row (Driver and Passenger),Compact Utility (Utility Vehicle Categories "Small" and "Midsize"),Volkswagen,Tiguan,Not Applicable,Not Applicable,Not Applicable,Not Applicable,Not Applicable,
GMC,GENERAL MOTORS LLC,Sierra,2007,OSHAWA TRUCK,TRUCK ,CANADA,ONTARIO,Pickup,"Class 2E: 6,001 - 7,000 lb (2,722 - 3,175 kg)",,Not Applicable,Not Applicable,4x2,Hydraulic,8,4800,292.9139717,4.8,,Gasoline,,V-Shaped,,,"MFI, Iron, 8Cyl",GM,,,Light Pickup,GMC,"C, K, R, V-series pickup/     Sierra",Not Applicable,Not Applicable,Not Applicable,Not Applicable,Not Applicable,
HONDA,"AMERICAN HONDA MOTOR CO., INC.",CR-V,2019,GREENSBURG,MULTIPURPOSE PASSENGER VEHICLE (MPV),UNITED STATES (USA),INDIANA,Sport Utility Vehicle (SUV)/Multi-Purpose Vehicle (MPV),"Class 1C: 4,001 - 5,000 lb (1,814 - 2,268 kg)",,Not Applicable,Not Applicable,,,4,1500,91.53561614,1.5,141.683,Gasoline,Dual Overhead Cam (DOHC),In-Line,190,,Direct Fuel Injection,Honda,Manual,1st Row (Driver and Passenger),Compact Utility (Utility Vehicle Categories "Small" and "Midsize"),Honda,CR-V,Not Applicable,Not Applicable,Not Applicable,Not Applicable,Not Applicable,
FORD,"FORD MOTOR COMPANY, USA",F-150,2010,DEARBORN,TRUCK ,UNITED STATES (USA),MICHIGAN,Pickup,"Class 2E: 6,001 - 7,000 lb (2,722 - 3,175 kg)",Crew/ Super Crew/ Crew Max,Not Applicable,Not Applicable,4x2,Hydraulic,8,4600,280.7092228,4.6,217.7444,Gasoline,,V-Shaped,292,,,,Manual,1st Row (Driver and Passenger),Light Pickup,Ford,F-Series pickup,Not Applicable,Not Applicable,Not Applicable,Not Applicable,Not Applicable,
NISSAN,"NISSAN NORTH AMERICA, INC.",Altima,2019,CANTON,PASSENGER CAR,UNITED STATES (USA),MISSISSIPPI,Sedan/Saloon,"Class 1: 6,000 lb or less (2,722 kg or less)",Not Applicable,Not Applicable,Not Applicable,4x2,,,2500,152.5593602,2.5,,Gasoline,,,,,,,Manual,1st Row (Driver and Passenger),"4-door sedan, hardtop",Nissan/Datsun,Altima,Not Applicable,Not Applicable,Not Applicable,Not Applicable,Not Applicable,
DODGE,FCA CANADA INC.,Challenger,2020,BRAMPTON,PASSENGER CAR,CANADA,ONTARIO,Sedan/Saloon,,Not Applicable,Not Applicable,Not Applicable,RWD/Rear-Wheel Drive,,6,3600,219.6854787,3.6,227.4385,Gasoline,,V-Shaped,305,,,FCA,Manual,1st Row (Driver and Passenger),"2-door sedan,hardtop,coupe",Dodge,Challenger (2008 on; for 1970-74 see model 005),Not Applicable,Not Applicable,Not Applicable,Not Applicable,Not Applicable,
TOYOTA,TOYOTA MOTOR CORPORATION,Camry,2018,TSUTSUMI,PASSENGER CAR,JAPAN,,Sedan/Saloon,,Not Applicable,Not Applicable,Not Applicable,4x2,,4,2487,152,2.5,150.6314,Gasoline,Dual Overhead Cam (DOHC),In-Line,202,,Port+Direct,Toyota,Manual,1st Row (Driver and Passenger),"4-door sedan, hardtop",Toyota,Camry,Not Applicable,Not Applicable,Not Applicable,Not Applicable,Not Applicable,
FORD,"FORD MOTOR COMPANY, USA",F-250,2008,JEFFERSON COUNTY,TRUCK ,UNITED STATES (USA),KENTUCKY,Pickup,"Class 2H: 9,001 - 10,000 lb (4,082 - 4,536 kg)",Crew/ Super Crew/ Crew Max,Not Applicable,Not Applicable,4x2,Hydraulic,8,5400,329.5282181,5.4,186.425,Gasoline,,V-Shaped,250,,,Ford,Manual,1st Row (Driver and Passenger),Light Pickup,Ford,F-Series pickup,Not Applicable,Not Applicable,Not Applicable,Not Applicable,Not Applicable,
CHEVROLET,GENERAL MOTORS LLC,Colorado,2017,WENTZVILLE,TRUCK ,UNITED STATES (USA),MISSOURI,Pickup,"Class 1D: 5,001 - 6,000 lb (2,268 - 2,722 kg)",Crew/ Super Crew/ Crew Max,Not Applicable,Not Applicable,4x2,,6,3600,219.6854787,3.6,,Gasoline,Dual Overhead Cam (DOHC),V-Shaped,,,,,Manual,1st Row (Driver and Passenger),Light Pickup,Chevrolet,Colorado,Not Applicable,Not Applicable,Not Applicable,Not Applicable,Not Applicable,
NISSAN,"NISSAN NORTH AMERICA, INC.",Titan,2004,CANTON,TRUCK ,UNITED STATES (USA),MISSISSIPPI,Pickup,"Class 2E: 6,001 - 7,000 lb (2,722 - 3,175 kg)",Crew/ Super Crew/ Crew Max,Not Applicable,Not Applicable,4WD/4-Wheel Drive/4x4,Hydraulic,8,5600,341.7329669,5.6,,Gasoline,,V-Shaped,,,4-wheel ABS,,,,Light Pickup,Nissan/Datsun,Titan (from 2004-06; see 481 for 2007 on),Not Applicable,Not Applicable,Not Applicable,Not Applicable,Not Applicable,
TOYOTA,"TOYOTA MOTOR MANUFACTURING, TEXAS, INC.",Tundra,2009,,TRUCK ,UNITED STATES (USA),TEXAS,Pickup,"Class 2: 6,001 - 10,000 lb (2,722 - 4,536 kg)",Extra/Super/ Quad/Double/King/Extended,Not Applicable,Not Applicable,4x2,,8,5700,347.8353413,5.7,284.1117,Gasoline,,V-Shaped,381,,PORT,,,,Light Pickup,Toyota,Tundra,Not Applicable,Not Applicable,Not Applicable,Not Applicable,Not Applicable,
HONDA,"AMERICAN HONDA MOTOR CO., INC.",Accord,2012,MARYSVILLE,PASSENGER CAR,UNITED STATES (USA),OHIO,Sedan/Saloon,"Class 1C: 4,001 - 5,000 lb (1,814 - 2,268 kg)",Not Applicable,Not Applicable,Not Applicable,,,4,2359.737216,144,2.359737216,131.9889,Gasoline,Dual Overhead Cam (DOHC),In-Line,177,,,,Manual,1st Row (Driver and Passenger),"4-door sedan, hardtop",Honda,"Accord (Note: For Crosstour model years 2010 and 2011 only. For Crosstour model years 2012-2015, see vehicle model 37-405)",Not Applicable,Not Applicable,Not Applicable,Not Applicable,Not Applicable,
CHEVROLET,GENERAL MOTORS LLC,Silverado,2004,PONTIAC,TRUCK ,UNITED STATES (USA),MICHIGAN,Pickup,"Class 2E: 6,001 - 7,000 lb (2,722 - 3,175 kg)",Extra/Super/ Quad/Double/King/Extended,Not Applicable,Not Applicable,4WD/4-Wheel Drive/4x4,Hydraulic,8,5300,323.4258437,5.3,,Gasoline,,V-Shaped,,,,,,,Light Pickup,Chevrolet,"C, K, R, V-series pickup/Silverado",Not Applicable,Not Applicable,Not Applicable,Not Applicable,Not Applicable,
KIA,HYUNDAI-KIA AMERICA TECHNICAL CENTER INC (HATCI),Sorento,2016,,MULTIPURPOSE PASSENGER VEHICLE (MPV),UNITED STATES (USA),GEORGIA,Sport Utility Vehicle (SUV)/Multi-Purpose Vehicle (MPV),"Class 1D: 5,001 - 6,000 lb (2,268 - 2,722 kg)",,Not Applicable,Not Applicable,4WD/4-Wheel Drive/4x4,,,2400,146.4569858,2.4,,Gasoline,Dual Overhead Cam (DOHC),,,,,,Manual,1st Row (Driver and Passenger),Compact Utility (Utility Vehicle Categories "Small" and "Midsize"),KIA,Sorento,Not Applicable,Not Applicable,Not Applicable,Not Applicable,Not Applicable,
TOYOTA,"TOYOTA MOTOR MANUFACTURING, MISSISSIPPI, INC.",Corolla,2019,,PASSENGER CAR,UNITED STATES (USA),MISSISSIPPI,Sedan/Saloon,,Not Applicable,Not Applicable,Not Applicable,4x2,,4,1798,109.8427394,1.8,98.4324,Gasoline,Dual Overhead Cam (DOHC),In-Line,132,148,,Toyota,Manual,1st Row (Driver and Passenger),"4-door sedan, hardtop",Toyota,Corolla,Not Applicable,Not Applicable,Not Applicable,Not Applicable,Not Applicable,
MERCURY,"FORD MOTOR COMPANY OF CANADA, LTD.",Grand Marquis,2004,TALBOTVILLE,PASSENGER CAR,CANADA,ONTARIO,Sedan/Saloon,,Not Applicable,Not Applicable,Not Applicable,,,8,4600,280.7092228,4.6,167.0368,Gasoline,Single Overhead Cam (SOHC),V-Shaped,224,,,Ford,Manual,1st Row (Driver and Passenger),"4-door sedan, hardtop",Mercury,Marquis/Monterey (car version; for van version 2004 on see code 444) /Grand Marquis,Not Applicable,Not Applicable,Not Applicable,Not Applicable,Not Applicable,
LEXUS,TOYOTA MOTOR CORPORATION,NX,2015,KYUSHU,MULTIPURPOSE PASSENGER VEHICLE (MPV),JAPAN,,Sport Utility Vehicle (SUV)/Multi-Purpose Vehicle (MPV),"Class 1D: 5,001 - 6,000 lb (2,268 - 2,722 kg)",,Not Applicable,Not Applicable,4x2,,4,2000,122.0474882,2,,Gasoline,,In-Line,,,PORT+DIRECT,,Manual,1st Row (Driver and Passenger),Compact Utility (Utility Vehicle Categories "Small" and "Midsize"),Lexus,NX,Not Applicable,Not Applicable,Not Applicable,Not Applicable,Not Applicable,
NISSAN,"NISSAN MEXICANA, S.A. DE C.V.",Versa,2008,,PASSENGER CAR,MEXICO,,Hatchback/Liftback/Notchback,,Not Applicable,Not Applicable,Not Applicable,4x2,,4,1800,109.8427394,1.8,90.9754,Gasoline,,,122,,,,Manual,1st Row (Driver and Passenger),5-door/4-door hatchback,Nissan/Datsun,Versa,Not Applicable,Not Applicable,Not Applicable,Not Applicable,Not Applicable,
TOYOTA,"TOYOTA MOTOR MANUFACTURING, KENTUCKY, INC.",Camry,2004,,PASSENGER CAR,UNITED STATES (USA),KENTUCKY,Sedan/Saloon,,Not Applicable,Not Applicable,Not Applicable,4x2,,4,2362,146.4569858,2.4,117.0749,Gasoline,Dual Overhead Cam (DOHC),In-Line,157,170,"Horsepower: 149 hp, 160 hp, 162 hp, 170 hp",Toyota,Manual,1st Row (Driver and Passenger),"4-door sedan, hardtop",Toyota,Camry,Not Applicable,Not Applicable,Not Applicable,Not Applicable,Not Applicable,
FORD,"FORD MOTOR COMPANY, USA",Escape,2014,LOUISVILLE,MULTIPURPOSE PASSENGER VEHICLE (MPV),UNITED STATES (USA),KENTUCKY,Sport Utility Vehicle (SUV)/Multi-Purpose Vehicle (MPV),"Class 1C: 4,001 - 5,000 lb (1,814 - 2,268 kg)",,Not Applicable,Not Applicable,4WD/4-Wheel Drive/4x4,Hydraulic,4,2000,122.0474882,2,178.968,Gasoline,,In-Line,240,,Ti-VCT  Premium Fuel,Ford,Manual,1st Row (Driver and Passenger),Compact Utility (Utility Vehicle Categories "Small" and "Midsize"),Ford,Escape,Not Applicable,Not Applicable,Not Applicable,Not Applicable,Not Applicable,
VOLKSWAGEN,"VOLKSWAGEN GROUP OF AMERICA, INC.",Passat,2010,EMDEN,PASSENGER CAR,GERMANY,,Sedan/Saloon,,Not Applicable,Not Applicable,Not Applicable,,,4,1984,121.0711083,1.984,149.14,Gasoline,,,200,,50-St. BIN 3/PZEV  emission. Emissions Certification Test Group: AVWXV02.03PA.,Volkswagen,Manual,1st Row (Driver and Passenger),"4-door sedan, hardtop",Volkswagen,Passat (CC - 2008 thru 2011; see 052 for 2012 on),Not Applicable,Not Applicable,Not Applicable,Not Applicable,Not Applicable,
MAZDA,MAZDA MOTOR CORPORATION,CX-5,2020,HIROSHIMA,MULTIPURPOSE PASSENGER VEHICLE (MPV),JAPAN,,Sport Utility Vehicle (SUV)/Multi-Purpose Vehicle (MPV),"Class 1C: 4,001 - 5,000 lb (1,814 - 2,268 kg)",,Not Applicable,Not Applicable,4x2,,4,2500,152.5593602,2.5,139.4459,Gasoline,Dual Overhead Cam (DOHC),In-Line,187,,,Mazda,Manual,1st Row (Driver and Passenger),Compact Utility (Utility Vehicle Categories "Small" and "Midsize"),Mazda,CX5,Not Applicable,Not Applicable,Not Applicable,Not Applicable,Not Applicable,
LEXUS,TOYOTA MOTOR CORPORATION,GX,2015,TAHARA,MULTIPURPOSE PASSENGER VEHICLE (MPV),JAPAN,AICHI,Sport Utility Vehicle (SUV)/Multi-Purpose Vehicle (MPV),"Class 2E: 6,001 - 7,000 lb (2,722 - 3,175 kg)",,Not Applicable,Not Applicable,4WD/4-Wheel Drive/4x4,,8,4600,280.7092228,4.6,224.4557,Gasoline,,V-Shaped,301,,PORT,,Manual,1st Row (Driver and Passenger),Compact Utility (Utility Vehicle Categories "Small" and "Midsize"),Lexus,GX460,Not Applicable,Not Applicable,Not Applicable,Not Applicable,Not Applicable,
NISSAN,"NISSAN MOTOR COMPANY, LTD",Rogue,2008,,MULTIPURPOSE PASSENGER VEHICLE (MPV),JAPAN,,Sport Utility Vehicle (SUV)/Multi-Purpose Vehicle (MPV),"Class 1C: 4,001 - 5,000 lb (1,814 - 2,268 kg)",,Not Applicable,Not Applicable,4WD/4-Wheel Drive/4x4,,,2500,152.5593602,2.5,,Gasoline,,,,,,,,,Station Wagon (excluding van and truck based),Nissan/Datsun,"Rogue (For 2008-2018 only.  For model years 2019 on, see 35-404.)",Not Applicable,Not Applicable,Not Applicable,Not Applicable,Not Applicable,
GMC,GENERAL MOTORS LLC,Sierra,2016,FLINT,TRUCK ,UNITED STATES (USA),MICHIGAN,Pickup,"Class 2H: 9,001 - 10,000 lb (4,082 - 4,536 kg)",Crew/ Super Crew/ Crew Max,Not Applicable,Not Applicable,4WD/4-Wheel Drive/4x4,Hydraulic,8,6000,366.1424646,6,,Gasoline,,,,,Engines listed as flexible fuel do not necessarily mean the vehicle is equipped for flexible fuel.,GM,Manual,1st Row (Driver and Passenger),Light Pickup,GMC,"C, K, R, V-series pickup/     Sierra",Not Applicable,Not Applicable,Not Applicable,Not Applicable,Not Applicable,
FORD,"FORD MOTOR COMPANY, USA",Mustang,1997,DEARBORN,PASSENGER CAR,UNITED STATES (USA),MICHIGAN,Convertible/Cabriolet,,Not Applicable,Not Applicable,Not Applicable,,,6,3801.798848,232,3.8,108.1265,Gasoline,,V-Shaped,145,150,EFI: Electronic Fuel Injection,Ford,Manual,1st Row (Driver and Passenger),"Convertible(excludes sun-roof,t-bar)",Ford,Mustang/Mustang II,Not Applicable,Not Applicable,Not Applicable,Not Applicable,Not Applicable,
JEEP,FCA US LLC,Wrangler,2007,TOLEDO,MULTIPURPOSE PASSENGER VEHICLE (MPV),UNITED STATES (USA),OHIO,Sport Utility Vehicle (SUV)/Multi-Purpose Vehicle (MPV),"Class 1C: 4,001 - 5,000 lb (1,814 - 2,268 kg)",,Not Applicable,Not Applicable,4WD/4-Wheel Drive/4x4,Hydraulic,6,3800,231.8902276,3.8,,Gasoline,,V-Shaped,,,,,,,Compact Utility (Utility Vehicle Categories "Small" and "Midsize"),Jeep / Kaiser-Jeep / Willys- Jeep,YJ series/Wrangler,Not Applicable,Not Applicable,Not Applicable,Not Applicable,Not Applicable,
LEXUS,TOYOTA MOTOR CORPORATION,LX,2015,YOSHIWARA,MULTIPURPOSE PASSENGER VEHICLE (MPV),JAPAN,,Sport Utility Vehicle (SUV)/Multi-Purpose Vehicle (MPV),"Class 2F: 7,001 - 8,000 lb (3,175 - 3,629 kg)",,Not Applicable,Not Applicable,4WD/4-Wheel Drive/4x4,,8,5700,347.8353413,5.7,285.6031,Gasoline,,V-Shaped,383,,Engine Type: PORT,,Manual,1st Row (Driver and Passenger),Large utility (ANSI D16.1 Utility Vehicle Categories and "Full Size" and "Large"),Lexus,LX450/470/570,Not Applicable,Not Applicable,Not Applicable,Not Applicable,Not Applicable,
LEXUS,TOYOTA MOTOR MANUFACTURING CANADA,RX,2015,CAMBRIDGE,MULTIPURPOSE PASSENGER VEHICLE (MPV),CANADA,ONTARIO,Sport Utility Vehicle (SUV)/Multi-Purpose Vehicle (MPV),"Class 1D: 5,001 - 6,000 lb (2,268 - 2,722 kg)",,Not Applicable,Not Applicable,4WD/4-Wheel Drive/4x4,,6,3456,213.5831043,3.5,201.339,Gasoline,Dual Overhead Cam (DOHC),V-Shaped,270,314,,Toyota,Manual,1st Row (Driver and Passenger),Compact Utility (Utility Vehicle Categories "Small" and "Midsize"),Lexus,RX330/350/400h/450h,Not Applicable,Not Applicable,Not Applicable,Not Applicable,Not Applicable,
FREIGHTLINER,DAIMLER TRUCKS NORTH AMERICA LLC,Cascadia,2018,SANTIAGO,TRUCK ,MEXICO,,Truck-Tractor,"Class 8: 33,001 lb and above (14,969 kg and above)",MDHD: Conventional,Not Applicable,Not Applicable,6x4,Air,6,12800,781.1039244,12.8,,Diesel,,In-Line,,,,,,,"Truck-tractor (Cab only, or with any number of trailing unit; any weight)",Freightliner,Medium/Heavy - CBE,Not Applicable,Not Applicable,Not Applicable,Not Applicable,Not Applicable,
NISSAN,"NISSAN MEXICANA, S.A. DE C.V.",Sentra,2016,AGUASCALIENTES,PASSENGER CAR,MEXICO,AGUASCALIENTES,Sedan/Saloon,,Not Applicable,Not Applicable,Not Applicable,4x2,,4,1800,109.8427394,1.8,,Gasoline,,,,,,,Manual,1st Row (Driver and Passenger),"4-door sedan, hardtop",Nissan/Datsun,Sentra,Not Applicable,Not Applicable,Not Applicable,Not Applicable,Not Applicable,
HYUNDAI,HYUNDAI MOTOR CO,Ioniq,2019,ULSAN,PASSENGER CAR,SOUTH KOREA,,Hatchback/Liftback/Notchback,,Not Applicable,Not Applicable,Not Applicable,,,4,1600,97.63799055,1.6,77.5528,Gasoline,Dual Overhead Cam (DOHC),,104,,GDI KAPPA,HMC,Manual,1st Row (Driver and Passenger),5-door/4-door hatchback,Hyundai,Ioniq,Not Applicable,Not Applicable,Not Applicable,Not Applicable,Not Applicable,
CHEVROLET,GENERAL MOTORS LLC,Impala,2010,RUESSELSHEIM,PASSENGER CAR,GERMANY,HESSE,Sedan/Saloon,,Not Applicable,Not Applicable,Not Applicable,,,6,3500,213.5831043,3.5,,Flexible Fuel Vehicle (FFV),Overhead Valve (OHV),V-Shaped,,,"Flex Fuel: Gas/Ethanol, OFFSET BORE",GM,Manual,1st Row (Driver and Passenger),"4-door sedan, hardtop",Chevrolet,"Impala/Caprice (For SS from 2014 on, use 20-021.)",Not Applicable,Not Applicable,Not Applicable,Not Applicable,Not Applicable,
FIAT,FCA ITALY S.P.A.,500L,2014,KRAGUJEVAC,MULTIPURPOSE PASSENGER VEHICLE (MPV),SERBIA,,Sport Utility Vehicle (SUV)/Multi-Purpose Vehicle (MPV),"Class 1C: 4,001 - 5,000 lb (1,814 - 2,268 kg)",,Not Applicable,Not Applicable,FWD/Front-Wheel Drive,Hydraulic,4,1400,85.43324173,1.4,123.0405,Gasoline,,,165,,,,Manual,1st Row (Driver and Passenger),Compact Utility (Utility Vehicle Categories "Small" and "Midsize"),Fiat,500L,Not Applicable,Not Applicable,Not Applicable,Not Applicable,Not Applicable,
CHEVROLET,GENERAL MOTORS LLC,Impala Limited,2016,OSHAWA,PASSENGER CAR,CANADA,ONTARIO,Sedan/Saloon,,Not Applicable,Not Applicable,Not Applicable,,,6,3600,219.6854787,3.6,,Gasoline,Dual Overhead Cam (DOHC),,,,,,Manual,1st Row (Driver and Passenger),"4-door sedan, hardtop",Chevrolet,"Impala/Caprice (For SS from 2014 on, use 20-021.)",Not Applicable,Not Applicable,Not Applicable,Not Applicable,Not Applicable,
FORD,"FORD OTOMOTIV SANAYI A.S., TURKEY",Transit Connect,2013,KOCAELI,TRUCK ,TURKEY,,Van,"Class 1C: 4,001 - 5,000 lb (1,814 - 2,268 kg)",,Not Applicable,Not Applicable,,Hydraulic,4,2000,122.0474882,2,101.4152,Gasoline,Dual Overhead Cam (DOHC),In-Line,136,,Displacement is 2.0L 4V.,,Manual,1st Row (Driver and Passenger),"Minivan (Chrysler Town and Country, Caravan, Grand Caravan, Voyager, Voyager, Honda-Odyssey, ...)",Ford,Transit Connect,Not Applicable,Not Applicable,Not Applicable,Not Applicable,Not Applicable,
MERCEDES-BENZ,MERCEDES-BENZ CARS,CLK-Class,2003,OSNABRÜCK,PASSENGER CAR,GERMANY,,Convertible/Cabriolet,,Not Applicable,Not Applicable,Not Applicable,,,6,3200,195.2759811,3.2,160.3255,Gasoline,,V-Shaped,215,,,,Manual,1st Row (Driver and Passenger),"Convertible(excludes sun-roof,t-bar)",Mercedes-Benz,CLK,Not Applicable,Not Applicable,Not Applicable,Not Applicable,Not Applicable,
FORD,"AUTO ALLIANCE INTERNATIONAL, USA",Mustang,2008,FLAT ROCK,PASSENGER CAR,UNITED STATES (USA),MICHIGAN,Coupe,,Not Applicable,Not Applicable,Not Applicable,,,6,4000,244.0949764,4,156.597,Gasoline,Single Overhead Cam (SOHC),V-Shaped,210,,,,Manual,1st Row (Driver and Passenger),"2-door sedan,hardtop,coupe",Ford,Mustang/Mustang II,Not Applicable,Not Applicable,Not Applicable,Not Applicable,Not Applicable,
CADILLAC,GENERAL MOTORS LLC,XT5,2017,SPRINGHILL,MULTIPURPOSE PASSENGER VEHICLE (MPV),UNITED STATES (USA),TENNESSEE,Sport Utility Vehicle (SUV)/Multi-Purpose Vehicle (MPV),"Class 2E: 6,001 - 7,000 lb (2,722 - 3,175 kg)",,Not Applicable,Not Applicable,FWD/Front-Wheel Drive,Hydraulic,6,3600,219.6854787,3.6,,Gasoline,Dual Overhead Cam (DOHC),V-Shaped,,,,,Manual,1st Row (Driver and Passenger),Compact Utility (Utility Vehicle Categories "Small" and "Midsize"),Cadillac,XT5,Not Applicable,Not Applicable,Not Applicable,Not Applicable,Not Applicable,
TOYOTA,"TOYOTA MOTOR MANUFACTURING, KENTUCKY, INC.",Camry,2017,,PASSENGER CAR,UNITED STATES (USA),KENTUCKY,Sedan/Saloon,,Not Applicable,Not Applicable,Not Applicable,4x2,,4,2500,152.5593602,2.5,132.7346,Gasoline,Dual Overhead Cam (DOHC),In-Line,178,,Engine Type: PORT,Toyota,Manual,1st Row (Driver and Passenger),"4-door sedan, hardtop",Toyota,Camry,Not Applicable,Not Applicable,Not Applicable,Not Applicable,Not Applicable,
HONDA,"HONDA MOTOR CO., LTD",CB900 (919),2006,HAMAMATSU,MOTORCYCLE,JAPAN,SHIZUOKA,Motorcycle - Sport,"Class 1A: 3,000 lb or less (1,360 kg or less)",Not Applicable,Not Applicable,Not Applicable,,,4,919,56.08082082,0.919,80.5356,Gasoline,,,108,,,,,,Two Wheel Motorcycle (excluding motor scooters),Honda,750 cc or greater,Not Applicable,Not Applicable,,,,
GMC,GENERAL MOTORS LLC,Terrain,2015,CAMI,MULTIPURPOSE PASSENGER VEHICLE (MPV),CANADA,ONTARIO,Sport Utility Vehicle (SUV)/Multi-Purpose Vehicle (MPV),"Class 1C: 4,001 - 5,000 lb (1,814 - 2,268 kg)",,Not Applicable,Not Applicable,FWD/Front-Wheel Drive,Hydraulic,4,2400,146.4569858,2.4,,Gasoline,Dual Overhead Cam (DOHC),,,,,,Manual,1st Row (Driver and Passenger),Compact Utility (Utility Vehicle Categories "Small" and "Midsize"),GMC,Terrain,Not Applicable,Not Applicable,Not Applicable,Not Applicable,Not Applicable,
PONTIAC,GENERAL MOTORS LLC,Torrent,2008,CAMI,MULTIPURPOSE PASSENGER VEHICLE (MPV),CANADA,ONTARIO,Sport Utility Vehicle (SUV)/Multi-Purpose Vehicle (MPV),"Class 1D: 5,001 - 6,000 lb (2,268 - 2,722 kg)",,Not Applicable,Not Applicable,FWD/Front-Wheel Drive,Hydraulic,6,3400,207.4807299,3.4,,,,V-Shaped,,,,SGM,,,Compact Utility (Utility Vehicle Categories "Small" and "Midsize"),Pontiac,Torrent,Not Applicable,Not Applicable,Not Applicable,Not Applicable,Not Applicable,
HYUNDAI,HYUNDAI MOTOR CO,Elantra,2012,ULSAN,PASSENGER CAR,SOUTH KOREA,,Sedan/Saloon,,Not Applicable,Not Applicable,Not Applicable,,,,1800,109.8427394,1.8,,Gasoline,Dual Overhead Cam (DOHC),,,,,,Manual,1st Row (Driver and Passenger),"4-door sedan, hardtop",Hyundai,Elantra,Not Applicable,Not Applicable,Not Applicable,Not Applicable,Not Applicable,
CHEVROLET,GENERAL MOTORS LLC,Avalanche,2010,SILAO,MULTIPURPOSE PASSENGER VEHICLE (MPV),MEXICO,GUANAJUATO,Sport Utility Truck (SUT),"Class 2E: 6,001 - 7,000 lb (2,722 - 3,175 kg)",,Not Applicable,Not Applicable,4x2,Hydraulic,8,5300,323.4258437,5.3,,Flexible Fuel Vehicle (FFV),Overhead Valve (OHV),V-Shaped,,,"CYL Deactivation, Iron, Flex Fuel: Gas/ALC",GM,Manual,1st Row (Driver and Passenger),Light Pickup,Chevrolet,Avalanche,Not Applicable,Not Applicable,Not Applicable,Not Applicable,Not Applicable,
DODGE,CHRYSLER DE MEXICO TOLUCA,Journey,2009,,MULTIPURPOSE PASSENGER VEHICLE (MPV),,,Sport Utility Vehicle (SUV)/Multi-Purpose Vehicle (MPV),"Class 1D: 5,001 - 6,000 lb (2,268 - 2,722 kg)",,Not Applicable,Not Applicable,,Hydraulic,6,3500,213.5831043,3.5,,Gasoline,,V-Shaped,,,"Sales code:EGF,EGG,EG2",,Manual,1st Row (Driver and Passenger),Station Wagon (excluding van and truck based),Dodge,"Journey (For 2009-2018 only.  For model years 2019 on, see 07-404.)",Not Applicable,Not Applicable,Not Applicable,Not Applicable,Not Applicable,
FORD,"AUTO ALLIANCE INTERNATIONAL, USA",Mustang,2007,FLAT ROCK,PASSENGER CAR,UNITED STATES (USA),MICHIGAN,Coupe,,Not Applicable,Not Applicable,Not Applicable,,,6,4000,244.0949764,4,156.597,Gasoline,Single Overhead Cam (SOHC),V-Shaped,210,,,,Manual,1st Row (Driver and Passenger),"2-door sedan,hardtop,coupe",Ford,Mustang/Mustang II,Not Applicable,Not Applicable,Not Applicable,Not Applicable,Not Applicable,
PETERBILT,PETERBILT MOTORS COMPANY,579,2017,DENTON,TRUCK ,UNITED STATES (USA),TEXAS,Truck-Tractor,"Class 8: 33,001 lb and above (14,969 kg and above)",,Not Applicable,Not Applicable,6x4,Air,6,15000,915.3561614,15,,Diesel,,In-Line,,,,,,,"Truck-tractor (Cab only, or with any number of trailing unit; any weight)",Peterbilt,Medium/Heavy – Unknown engine location,Not Applicable,Not Applicable,Not Applicable,Not Applicable,Not Applicable,
BUICK,GENERAL MOTORS LLC,Encore,2019,BUPYEONG,MULTIPURPOSE PASSENGER VEHICLE (MPV),SOUTH KOREA,,Sport Utility Vehicle (SUV)/Multi-Purpose Vehicle (MPV),"Class 1C: 4,001 - 5,000 lb (1,814 - 2,268 kg)",,Not Applicable,Not Applicable,FWD/Front-Wheel Drive,Hydraulic,4,1400,85.43324173,1.4,,Gasoline,Dual Overhead Cam (DOHC),,,,,GME,Manual,1st Row (Driver and Passenger),Compact Utility (Utility Vehicle Categories "Small" and "Midsize"),Buick / Opel,Encore,Not Applicable,Not Applicable,Not Applicable,Not Applicable,Not Applicable,
NISSAN,"NISSAN MEXICANA, S.A. DE C.V.",Sentra,2014,,PASSENGER CAR,MEXICO,,Sedan/Saloon,,Not Applicable,Not Applicable,Not Applicable,4x2,,4,1800,109.8427394,1.8,,Gasoline,,,,,,,Manual,1st Row (Driver and Passenger),"4-door sedan, hardtop",Nissan/Datsun,Sentra,Not Applicable,Not Applicable,Not Applicable,Not Applicable,Not Applicable,
HYUNDAI,HYUNDAI MOTOR CO,Accent,2008,ULSAN,PASSENGER CAR,SOUTH KOREA,,Sedan/Saloon,,Not Applicable,Not Applicable,Not Applicable,FWD/Front-Wheel Drive,,4,1600,97.63799055,1.6,82.027,Gasoline,Dual Overhead Cam (DOHC),In-Line,110,,,,Manual,1st Row (Driver and Passenger),"4-door sedan, hardtop",Hyundai,Accent,Not Applicable,Not Applicable,Not Applicable,Not Applicable,Not Applicable,
HONDA,"AMERICAN HONDA MOTOR CO., INC.",Civic,2015,GREENBURG,PASSENGER CAR,UNITED STATES (USA),INDIANA,Sedan/Saloon,"Class 1B: 3,001 - 4,000 lb (1,360 - 1,814 kg)",Not Applicable,Not Applicable,Not Applicable,,,4,1802.57704,110,1.80257704,106.6351,Gasoline,Single Overhead Cam (SOHC),In-Line,143,,,,Manual,1st Row (Driver and Passenger),"4-door sedan, hardtop",Honda,"Civic/CRX, del Sol",Not Applicable,Not Applicable,Not Applicable,Not Applicable,Not Applicable,
GMC,GENERAL MOTORS LLC,Sierra,2006,OSHAWA TRUCK,TRUCK ,CANADA,ONTARIO,Pickup,"Class 2E: 6,001 - 7,000 lb (2,722 - 3,175 kg)",Crew/ Super Crew/ Crew Max,Not Applicable,Not Applicable,4x2,Hydraulic,8,4800,292.9139717,4.8,,Gasoline,,V-Shaped,,,"MFI, Iron, 8Cyl",GM,,,Light Pickup,GMC,"C, K, R, V-series pickup/     Sierra",Not Applicable,Not Applicable,Not Applicable,Not Applicable,Not Applicable,
FORD,"FORD MOTOR COMPANY, USA",Explorer,2000,LOUISVILLE,MULTIPURPOSE PASSENGER VEHICLE (MPV),UNITED STATES (USA),KENTUCKY,Sport Utility Vehicle (SUV)/Multi-Purpose Vehicle (MPV),"Class 1C: 4,001 - 5,000 lb (1,814 - 2,268 kg)",,Not Applicable,Not Applicable,4x2,,6,4000,244.0949764,4,152.8685,Gasoline,Single Overhead Cam (SOHC),V-Shaped,205,,EFI,Ford,Manual,1st Row (Driver and Passenger),Compact Utility (Utility Vehicle Categories "Small" and "Midsize"),Ford,"Bronco (thru 1977)/Bronco II/Explorer/Explorer Sport (Explorer for 1990-2018 only.  For model years 2019 on, see 12-425.)",Not Applicable,Not Applicable,Not Applicable,Not Applicable,Not Applicable,
NISSAN,"NISSAN NORTH AMERICA, INC.",Altima,2006,SMYRNA,PASSENGER CAR,UNITED STATES (USA),TENNESSEE,Sedan/Saloon,,Not Applicable,Not Applicable,Not Applicable,4x2,,4,2500,152.5593602,2.5,,Gasoline,Dual Overhead Cam (DOHC),In-Line,,,,Nissan,Manual,1st Row (Driver and Passenger),"4-door sedan, hardtop",Nissan/Datsun,Altima,Not Applicable,Not Applicable,Not Applicable,Not Applicable,Not Applicable,
NISSAN,"NISSAN NORTH AMERICA, INC.",Murano,2015,CANTON,MULTIPURPOSE PASSENGER VEHICLE (MPV),UNITED STATES (USA),MISSISSIPPI,Crossover Utility Vehicle (CUV),"Class 1D: 5,001 - 6,000 lb (2,268 - 2,722 kg)",,Not Applicable,Not Applicable,4x2,,6,3500,213.5831043,3.5,,Gasoline,,,,,,,Manual,1st Row (Driver and Passenger),Station Wagon (excluding van and truck based),Nissan/Datsun,"Murano (For 2003-2018 only.  For model years 2019 on, see 35-422.)",Not Applicable,Not Applicable,Not Applicable,Not Applicable,Not Applicable,
MAZDA,MAZDA MOTOR MANUFACTURING DE MEXICO S.A. DE C.V.,CX-30,2020,SALAMANCA,MULTIPURPOSE PASSENGER VEHICLE (MPV),MEXICO,GUANAJUATO,Sport Utility Vehicle (SUV)/Multi-Purpose Vehicle (MPV),"Class 1C: 4,001 - 5,000 lb (1,814 - 2,268 kg)",,Not Applicable,Not Applicable,4x2,,4,2500,152.5593602,2.5,138.7002,Gasoline,Dual Overhead Cam (DOHC),In-Line,186,,,Mazda,Manual,1st Row (Driver and Passenger),Compact Utility (Utility Vehicle Categories "Small" and "Midsize"),Mazda,Other (light truck),Not Applicable,Not Applicable,Not Applicable,Not Applicable,Not Applicable,
NISSAN,"NISSAN MEXICANA, S.A. DE C.V.",Versa,2018,AGUASCALIENTES,PASSENGER CAR,MEXICO,AGUASCALIENTES,Sedan/Saloon,,Not Applicable,Not Applicable,Not Applicable,4x2,,4,1600,97.63799055,1.6,81.2813,Gasoline,,In-Line,109,,,,Manual,1st Row (Driver and Passenger),"4-door sedan, hardtop",Nissan/Datsun,Versa,Not Applicable,Not Applicable,Not Applicable,Not Applicable,Not Applicable,
HONDA,"AMERICAN HONDA MOTOR CO., INC.",CR-V,2019,GREENSBURG,MULTIPURPOSE PASSENGER VEHICLE (MPV),UNITED STATES (USA),INDIANA,Sport Utility Vehicle (SUV)/Multi-Purpose Vehicle (MPV),"Class 1C: 4,001 - 5,000 lb (1,814 - 2,268 kg)",,Not Applicable,Not Applicable,4x2,,4,1500,91.53561614,1.5,141.683,Gasoline,Dual Overhead Cam (DOHC),In-Line,190,,Direct Fuel Injection,Honda,Manual,1st Row (Driver and Passenger),Compact Utility (Utility Vehicle Categories "Small" and "Midsize"),Honda,CR-V,Not Applicable,Not Applicable,Not Applicable,Not Applicable,Not Applicable,
FORD,"FORD MOTOR COMPANY, USA",F-550,2013,JEFFERSON COUNTY,INCOMPLETE VEHICLE,UNITED STATES (USA),KENTUCKY,Incomplete - Chassis Cab (Single Cab),"Class 5: 16,001 - 19,500 lb (7,258 - 8,845 kg)",Extra/Super/ Quad/Double/King/Extended,Not Applicable,Not Applicable,4x2,Hydraulic,10,6800,414.9614598,6.8,269.9434,Gasoline,,V-Shaped,362,,3V,Ford,Manual,1st Row (Driver and Passenger),"Single-unit straight truck or Cab-Chassis (GVWR range 10,001 to 19,500 lbs.)",Ford,Medium/Heavy – CBE,,,Not Applicable,Not Applicable,Not Applicable,
CHEVROLET,GENERAL MOTORS LLC,Silverado,2013,FORT WAYNE,TRUCK ,UNITED STATES (USA),INDIANA,Pickup,"Class 2H: 9,001 - 10,000 lb (4,082 - 4,536 kg)",Extra/Super/ Quad/Double/King/Extended,Not Applicable,Not Applicable,4WD/4-Wheel Drive/4x4,Hydraulic,8,6000,366.1424646,6,,Gasoline,,V-Shaped,,,,,Manual,1st Row (Driver and Passenger),Light Pickup,Chevrolet,"C, K, R, V-series pickup/Silverado",Not Applicable,Not Applicable,Not Applicable,Not Applicable,Not Applicable,
DODGE,FCA CANADA INC.,Charger,2014,,PASSENGER CAR,,,Sedan/Saloon,,Not Applicable,Not Applicable,Not Applicable,RWD/Rear-Wheel Drive,,6,3600,219.6854787,3.6,,Gasoline,,,,,,,Manual,1st Row (Driver and Passenger),"4-door sedan, hardtop",Dodge,Charger,Not Applicable,Not Applicable,Not Applicable,Not Applicable,Not Applicable,
HYUNDAI,HYUNDAI-KIA AMERICA TECHNICAL CENTER INC (HATCI),Santa Fe Sport,2018,,MULTIPURPOSE PASSENGER VEHICLE (MPV),UNITED STATES (USA),ALABAMA,Sport Utility Vehicle (SUV)/Multi-Purpose Vehicle (MPV),"Class 1C: 4,001 - 5,000 lb (1,814 - 2,268 kg)",,Not Applicable,Not Applicable,4x2,,4,2400,146.4569858,2.4,137.9545,Gasoline,Dual Overhead Cam (DOHC),,185,,,HMC,Manual,1st Row (Driver and Passenger),Compact Utility (Utility Vehicle Categories "Small" and "Midsize"),Hyundai,Santa Fe,Not Applicable,Not Applicable,Not Applicable,Not Applicable,Not Applicable,
LEXUS,TOYOTA MOTOR CORPORATION,RX,2002,MIYAWAKA,MULTIPURPOSE PASSENGER VEHICLE (MPV),JAPAN,FUKUOKA,Sport Utility Vehicle (SUV)/Multi-Purpose Vehicle (MPV),"Class 1C: 4,001 - 5,000 lb (1,814 - 2,268 kg)",,Not Applicable,Not Applicable,4WD/4-Wheel Drive/4x4,,6,3000,183.0712323,3,137.2088,Gasoline,,V-Shaped,184,217,,Toyota,,,Compact Utility (Utility Vehicle Categories "Small" and "Midsize"),Lexus,RX300/350,Not Applicable,Not Applicable,Not Applicable,Not Applicable,Not Applicable,
DODGE,CHRYSLER DE MEXICO TOLUCA,Ram,2009,,TRUCK ,,,Pickup,"Class 3: 10,001 - 14,000 lb (4,536 - 6,350 kg)",,Not Applicable,Not Applicable,4WD/4-Wheel Drive/4x4,Hydraulic,6,6700,408.8590854,6.7,,Diesel,,,,,Sales code:ETJ,,Manual,1st Row (Driver and Passenger),"Medium/heavy Pickup (GVWR greater than 10,000 lbs.)",Dodge,"Medium/Heavy Pickup (pickup-style only – over 10,000 lbs)",Not Applicable,Not Applicable,Not Applicable,Not Applicable,Not Applicable,
TOYOTA,"TOYOTA MOTOR MANUFACTURING, MISSISSIPPI, INC.",Corolla,2017,,PASSENGER CAR,UNITED STATES (USA),MISSISSIPPI,Sedan/Saloon,,Not Applicable,Not Applicable,Not Applicable,FWD/Front-Wheel Drive,,4,1798,109.8427394,1.8,98.4324,Gasoline,Dual Overhead Cam (DOHC),In-Line,132,148,,Toyota,Manual,1st Row (Driver and Passenger),"4-door sedan, hardtop",Toyota,Corolla,Not Applicable,Not Applicable,Not Applicable,Not Applicable,Not Applicable,
HONDA,"HONDA OF THE U.K. MFG., LTD.",Civic,2019,SWINDON,PASSENGER CAR,UNITED KINGDOM (UK),WILTSHIRE,Hatchback/Liftback/Notchback,"Class 1B: 3,001 - 4,000 lb (1,360 - 1,814 kg)",Not Applicable,Not Applicable,Not Applicable,4x2,,4,1500,91.53561614,1.5,134.226,Gasoline,Dual Overhead Cam (DOHC),In-Line,180,,,Honda,Manual,1st Row (Driver and Passenger),5-door/4-door hatchback,Honda,"Civic/CRX, del Sol",Not Applicable,Not Applicable,Not Applicable,Not Applicable,Not Applicable,
FORD,"FORD MOTOR COMPANY, USA",E-250,2010,AVON LAKE,TRUCK ,UNITED STATES (USA),OHIO,Cargo Van,"Class 2G: 8,001 - 9,000 lb (3,629 - 4,082 kg)",,Not Applicable,Not Applicable,4x2,Hydraulic,8,5400,329.5282181,5.4,190.1535,Gasoline,,V-Shaped,255,,Displacement is 5.4L 2V,,Manual,1st Row (Driver and Passenger),"Large Van-Includes van-based buses (B150-B350, Sportsman, Royal Maxiwagon, Ram, Tradesman,...)",Ford,E-Series Van/Econoline,Not Applicable,Not Applicable,Not Applicable,Not Applicable,Not Applicable,
TOYOTA,"TOYOTA MOTOR MANUFACTURING, INDIANA, INC.",Highlander,2018,,MULTIPURPOSE PASSENGER VEHICLE (MPV),UNITED STATES (USA),INDIANA,Sport Utility Vehicle (SUV)/Multi-Purpose Vehicle (MPV),"Class 1D: 5,001 - 6,000 lb (2,268 - 2,722 kg)",,Not Applicable,Not Applicable,4x2,,6,3500,213.5831043,3.5,219.9815,Gasoline,Dual Overhead Cam (DOHC),V-Shaped,295,,PORT+DIRECT,Toyota,Manual,1st Row (Driver and Passenger),Compact Utility (Utility Vehicle Categories "Small" and "Midsize"),Toyota,Highlander,Not Applicable,Not Applicable,Not Applicable,Not Applicable,Not Applicable,
CHEVROLET,GENERAL MOTORS LLC,Silverado,2008,FLINT,TRUCK ,UNITED STATES (USA),MICHIGAN,Pickup,"Class 2H: 9,001 - 10,000 lb (4,082 - 4,536 kg)",,Not Applicable,Not Applicable,4x2,Hydraulic,8,6000,366.1424646,6,271.4348,Gasoline,,V-Shaped,364,,,GM,,,Light Pickup,Chevrolet,"C, K, R, V-series pickup/Silverado",Not Applicable,Not Applicable,Not Applicable,Not Applicable,Not Applicable,
CHEVROLET,GENERAL MOTORS LLC,Impala,2011,OSHAWA #2,PASSENGER CAR,CANADA,ONTARIO,Sedan/Saloon,,Not Applicable,Not Applicable,Not Applicable,,,6,3500,213.5831043,3.5,,Flexible Fuel Vehicle (FFV),Overhead Valve (OHV),V-Shaped,,,OFFSET BORE,GM,Manual,1st Row (Driver and Passenger),"4-door sedan, hardtop",Chevrolet,"Impala/Caprice (For SS from 2014 on, use 20-021.)",Not Applicable,Not Applicable,Not Applicable,Not Applicable,Not Applicable,
KIA,HYUNDAI-KIA AMERICA TECHNICAL CENTER INC (HATCI),,2003,,MULTIPURPOSE PASSENGER VEHICLE (MPV),,,,,,Not Applicable,Not Applicable,,,,,,,,,,,,,,,,,,,,Not Applicable,Not Applicable,Not Applicable,Not Applicable,Not Applicable,
FORD,"FORD MOTOR COMPANY, USA",Ranger,2019,WAYNE,TRUCK ,UNITED STATES (USA),MICHIGAN,Pickup,"Class 2E: 6,001 - 7,000 lb (2,722 - 3,175 kg)",Crew/ Super Crew/ Crew Max,Not Applicable,Not Applicable,4WD/4-Wheel Drive/4x4,Hydraulic,,2300,140.3546114,2.3,,Gasoline,,,,,TIVCT 4V,Ford,Manual,1st Row (Driver and Passenger),Light Pickup,Ford,Ranger,Not Applicable,Not Applicable,Not Applicable,Not Applicable,Not Applicable,
CADILLAC,GENERAL MOTORS LLC,Escalade,2017,ARLINGTON,MULTIPURPOSE PASSENGER VEHICLE (MPV),UNITED STATES (USA),TEXAS,Sport Utility Vehicle (SUV)/Multi-Purpose Vehicle (MPV),"Class 2F: 7,001 - 8,000 lb (3,175 - 3,629 kg)",,Not Applicable,Not Applicable,4WD/4-Wheel Drive/4x4,Hydraulic,8,6200,378.3472134,6.2,,Gasoline,,,,,,GM,Manual,1st Row (Driver and Passenger),Large utility (ANSI D16.1 Utility Vehicle Categories and "Full Size" and "Large"),Cadillac,Escalade/ESV (from 2004 on; see 431 for 2003 only),Not Applicable,Not Applicable,Not Applicable,Not Applicable,Not Applicable,
PONTIAC,GENERAL MOTORS LLC,G6,2008,ORION,PASSENGER CAR,UNITED STATES (USA),MICHIGAN,Sedan/Saloon,,Not Applicable,Not Applicable,Not Applicable,,,6,3500,213.5831043,3.5,,Gasoline,Overhead Valve (OHV),V-Shaped,,,,GM,Manual,1st Row (Driver and Passenger),"4-door sedan, hardtop",Pontiac,G6,Not Applicable,Not Applicable,Not Applicable,Not Applicable,Not Applicable,
GMC,GENERAL MOTORS LLC,Yukon,2013,ARLINGTON,MULTIPURPOSE PASSENGER VEHICLE (MPV),UNITED STATES (USA),TEXAS,Sport Utility Vehicle (SUV)/Multi-Purpose Vehicle (MPV),"Class 2F: 7,001 - 8,000 lb (3,175 - 3,629 kg)",,Not Applicable,Not Applicable,RWD/Rear-Wheel Drive,Hydraulic,8,6200,378.3472134,6.2,,Gasoline,,,,,,,Manual,1st Row (Driver and Passenger),Large utility (ANSI D16.1 Utility Vehicle Categories and "Full Size" and "Large"),GMC,Suburban/Yukon XL (2004 on; see 431 for 1950- 2003),Not Applicable,Not Applicable,Not Applicable,Not Applicable,Not Applicable,
HONDA,"AMERICAN HONDA MOTOR CO., INC.",Civic,2000,EAST LIBERTY,PASSENGER CAR,UNITED STATES (USA),OHIO,Coupe,"Class 1B: 3,001 - 4,000 lb (1,360 - 1,814 kg)",Not Applicable,Not Applicable,Not Applicable,,,4,1589.545208,97,1.589545208,79.0442,Gasoline,Single Overhead Cam (SOHC),In-Line,106,,,,Manual,1st Row (Driver and Passenger),"2-door sedan,hardtop,coupe",Honda,"Civic/CRX, del Sol",Not Applicable,Not Applicable,Not Applicable,Not Applicable,Not Applicable,
LEXUS,"TOYOTA MOTOR MANUFACTURING, KENTUCKY, INC.",ES,2019,,PASSENGER CAR,UNITED STATES (USA),KENTUCKY,Sedan/Saloon,,Not Applicable,Not Applicable,Not Applicable,4x2,,6,3500,213.5831043,3.5,224.4557,Gasoline,,V-Shaped,301,,PORT + DIRECT,,Manual,1st Row (Driver and Passenger),"4-door sedan, hardtop",Lexus,ES-250/300/300h/330/ 350,Not Applicable,Not Applicable,Not Applicable,Not Applicable,Not Applicable,
HONDA,"AMERICAN HONDA MOTOR CO., INC.",Accord,2020,MARYSVILLE,PASSENGER CAR,UNITED STATES (USA),OHIO,Sedan/Saloon,"Class 1C: 4,001 - 5,000 lb (1,814 - 2,268 kg)",Not Applicable,Not Applicable,Not Applicable,4x2,,4,1500,91.53561614,1.5,,Gasoline,Dual Overhead Cam (DOHC),In-Line,,,Direct Fuel Injection,HONDA,Manual,1st Row (Driver and Passenger),"4-door sedan, hardtop",Honda,"Accord (Note: For Crosstour model years 2010 and 2011 only. For Crosstour model years 2012-2015, see vehicle model 37-405)",Not Applicable,Not Applicable,Not Applicable,Not Applicable,Not Applicable,
HONDA,"AMERICAN HONDA MOTOR CO., INC.",Civic,2012,GREENSBURG,PASSENGER CAR,UNITED STATES (USA),INDIANA,Sedan/Saloon,"Class 1B: 3,001 - 4,000 lb (1,360 - 1,814 kg)",Not Applicable,Not Applicable,Not Applicable,,,4,1802.57704,110,1.80257704,104.398,Gasoline,Single Overhead Cam (SOHC),In-Line,140,,,,Manual,1st Row (Driver and Passenger),"4-door sedan, hardtop",Honda,"Civic/CRX, del Sol",Not Applicable,Not Applicable,Not Applicable,Not Applicable,Not Applicable,
RAM,FCA US LLC,1500,2016,WARREN,TRUCK ,UNITED STATES (USA),MICHIGAN,Pickup,"Class 2E: 6,001 - 7,000 lb (2,722 - 3,175 kg)",Extra/Super/ Quad/Double/King/Extended,Not Applicable,Not Applicable,4x2,Hydraulic,8,5700,347.8353413,5.7,,Gasoline,,,,,"Sales Code : EZC,EZH",,Manual,1st Row (Driver and Passenger),Light Pickup,Dodge,Ram Pickup,Not Applicable,Not Applicable,Not Applicable,Not Applicable,Not Applicable,
HYUNDAI,HYUNDAI-KIA AMERICA TECHNICAL CENTER INC (HATCI),Santa Fe,2011,,MULTIPURPOSE PASSENGER VEHICLE (MPV),UNITED STATES (USA),GEORGIA,Sport Utility Vehicle (SUV)/Multi-Purpose Vehicle (MPV),"Class 1C: 4,001 - 5,000 lb (1,814 - 2,268 kg)",,Not Applicable,Not Applicable,4x2,,,2400,146.4569858,2.4,,Gasoline,Dual Overhead Cam (DOHC),,,,,,Manual,1st Row (Driver and Passenger),Compact Utility (Utility Vehicle Categories "Small" and "Midsize"),Hyundai,Santa Fe,Not Applicable,Not Applicable,Not Applicable,Not Applicable,Not Applicable,
GMC,GENERAL MOTORS LLC,Yukon,2015,ARLINGTON,MULTIPURPOSE PASSENGER VEHICLE (MPV),UNITED STATES (USA),TEXAS,Sport Utility Vehicle (SUV)/Multi-Purpose Vehicle (MPV),"Class 2F: 7,001 - 8,000 lb (3,175 - 3,629 kg)",,Not Applicable,Not Applicable,4WD/4-Wheel Drive/4x4,Hydraulic,8,6200,378.3472134,6.2,,Gasoline,,,,,,,Manual,1st Row (Driver and Passenger),Large utility (ANSI D16.1 Utility Vehicle Categories and "Full Size" and "Large"),GMC,Fullsize Jimmy/Yukon,Not Applicable,Not Applicable,Not Applicable,Not Applicable,Not Applicable,
LEXUS,TOYOTA MOTOR CORPORATION,NX,2021,,MULTIPURPOSE PASSENGER VEHICLE (MPV),JAPAN,,Sport Utility Vehicle (SUV)/Multi-Purpose Vehicle (MPV),"Class 1D: 5,001 - 6,000 lb (2,268 - 2,722 kg)",,Not Applicable,Not Applicable,4x2,,4,2000,122.0474882,2,175.2395,Gasoline,,In-Line,235,,PORT+DIRECT,,Manual,1st Row (Driver and Passenger),Compact Utility (Utility Vehicle Categories "Small" and "Midsize"),Lexus,NX,Not Applicable,Not Applicable,Not Applicable,Not Applicable,Not Applicable,
TOYOTA,"NEW UNITED MOTOR MANUFACTURING, INC.",Corolla,2007,FREMONT,PASSENGER CAR,UNITED STATES (USA),CALIFORNIA,Sedan/Saloon,,Not Applicable,Not Applicable,Not Applicable,4x2,,4,1800,109.8427394,1.8,93.9582,Gasoline,,In-Line,126,,,,Manual,1st Row (Driver and Passenger),"4-door sedan, hardtop",Toyota,Corolla,Not Applicable,Not Applicable,Not Applicable,Not Applicable,Not Applicable,
INTERNATIONAL,"BLUE DIAMOND TRUCK, S. DE R. L. DE C. V.",SF625,2018,,INCOMPLETE VEHICLE,MEXICO,ESCOBEDO,Truck,"Class 8: 33,001 lb and above (14,969 kg and above)",MDHD: Conventional,Not Applicable,Not Applicable,6x4,Air,6,8800,537.008948,8.8,193.882,Diesel,,In-Line,260,450,,Cummins,,,"Single-unit straight truck or Cab-Chassis (GVWR greater than 26,000 lbs.)",International Harvester/Navistar,Medium/Heavy - CBE,,,Not Applicable,Not Applicable,Not Applicable,
FORD,"FORD MOTOR COMPANY, USA",Explorer,2013,CHICAGO,MULTIPURPOSE PASSENGER VEHICLE (MPV),UNITED STATES (USA),ILLINOIS,Sport Utility Vehicle (SUV)/Multi-Purpose Vehicle (MPV),"Class 2E: 6,001 - 7,000 lb (2,722 - 3,175 kg)",,Not Applicable,Not Applicable,,Hydraulic,6,3500,213.5831043,3.5,216.253,Gasoline,,V-Shaped,290,,Ti-VCT,Ford,Manual,1st Row (Driver and Passenger),Compact Utility (Utility Vehicle Categories "Small" and "Midsize"),Ford,"Bronco (thru 1977)/Bronco II/Explorer/Explorer Sport (Explorer for 1990-2018 only.  For model years 2019 on, see 12-425.)",Not Applicable,Not Applicable,Not Applicable,Not Applicable,Not Applicable,
CHEVROLET,GENERAL MOTORS LLC,Silverado,2005,FORT WAYNE,TRUCK ,UNITED STATES (USA),INDIANA,Pickup,"Class 2E: 6,001 - 7,000 lb (2,722 - 3,175 kg)",Extra/Super/ Quad/Double/King/Extended,Not Applicable,Not Applicable,4x2,Hydraulic,6,4300,262.4020996,4.3,,Gasoline,Overhead Valve (OHV),V-Shaped,,,90 Degrees,WRN,,,Light Pickup,Chevrolet,"C, K, R, V-series pickup/Silverado",Not Applicable,Not Applicable,Not Applicable,Not Applicable,Not Applicable,
NISSAN,"NISSAN NORTH AMERICA, INC.",Altima,2010,,PASSENGER CAR,UNITED STATES (USA),,Sedan/Saloon,,Not Applicable,Not Applicable,Not Applicable,4x2,,4,2500,152.5593602,2.5,126.769,Gasoline,,,170,175,,,Manual,1st Row (Driver and Passenger),"4-door sedan, hardtop",Nissan/Datsun,Altima,Not Applicable,Not Applicable,Not Applicable,Not Applicable,Not Applicable,
TOYOTA,"TOYOTA MOTOR MANUFACTURING, INDIANA, INC.",Sequoia,2002,,MULTIPURPOSE PASSENGER VEHICLE (MPV),UNITED STATES (USA),INDIANA,Sport Utility Vehicle (SUV)/Multi-Purpose Vehicle (MPV),"Class 2E: 6,001 - 7,000 lb (2,722 - 3,175 kg)",,Not Applicable,Not Applicable,4x2,,8,4663,284.55,4.7,178.968,Gasoline,Dual Overhead Cam (DOHC),V-Shaped,240,284,,Toyota,,,Large utility (ANSI D16.1 Utility Vehicle Categories and "Full Size" and "Large"),Toyota,Sequoia,Not Applicable,Not Applicable,Not Applicable,Not Applicable,Not Applicable,
